ip,gt_label,pred_label,risk_score,out_mal_rate,in_mal_rate,degree_norm,out_ports,in_ports,byte_ratio,fanout
192.168.1.195,malicious,malicious,0.571381,0.999850,0.000000,1.000000,0.107143,1.000000,1.000000,0.000050
162.248.88.215,benign,benign,0.416667,0.000000,1.000000,0.142857,1.000000,0.035714,0.000000,0.666667
102.165.48.81,other,benign,0.150000,0.000000,1.000000,0.142857,0.000000,0.035714,0.000000,0.000000
212.111.30.190,other,benign,0.000000,0.000000,0.000000,0.142857,0.000000,0.035714,0.000000,0.000000
31.31.74.35,other,benign,0.000000,0.000000,0.000000,0.142857,0.000000,0.035714,0.000000,0.000000
5.1.56.123,other,benign,0.000000,0.000000,0.000000,0.142857,0.000000,0.035714,0.000000,0.000000
81.2.254.32,other,benign,0.000000,0.000000,0.000000,0.142857,0.000000,0.035714,0.000000,0.000000
89.221.210.188,other,benign,0.000000,0.000000,0.000000,0.142857,0.000000,0.035714,0.000000,0.000000
