src,best_dst,weight,mal_count,mal_ratio,score_edge
192.168.1.195,162.248.88.215,59947,59947,1.000000,11.001049
162.248.88.215,192.168.1.195,42,0,0.000000,0.085482
