src,dst,weight,mal_count,mal_ratio,score_edge
192.168.1.195,162.248.88.215,59947,59947,1.000000,11.001049
192.168.1.195,102.165.48.81,2,2,1.000000,0.823959
192.168.1.195,5.1.56.123,3,0,0.000000,0.277259
192.168.1.195,31.31.74.35,2,0,0.000000,0.274653
192.168.1.195,81.2.254.32,2,0,0.000000,0.274653
192.168.1.195,89.221.210.188,1,0,0.000000,0.231049
192.168.1.195,212.111.30.190,1,0,0.000000,0.231049
162.248.88.215,192.168.1.195,42,0,0.000000,0.085482
